Title, Image, Link, Price, Reviews, Stars 
"Furinno Luder Bookcase / Book / Storage , 5-Cube, White","https://m.media-amazon.com/images/I/61oD6Jvp8TL._AC_UL320_.jpg","https://amazon.com/Furinno-5-Cube-Shelf-White-11069WH/dp/B074NH61RT/ref=sr_1_3?crid=36QNR0DBY6M7J&keywords=shelves&qid=1664888524&qu=eyJxc2MiOiI4LjgyIiwicXNhIjoiOC40NCIsInFzcCI6IjcuNjgifQ%3D%3D&refresh=1&sprefix=s%2Caps%2C309&sr=8-3","29","60,260","4.3 out of 5 stars"
"Furinno (99557BK/GY) Turn-N-Tube 4-Tier Multipurpose Shelf Display Rack - Black/Grey","https://m.media-amazon.com/images/I/61rnRrdwbsL._AC_UL320_.jpg","https://amazon.com/Furinno-99557BK-GY-Turn-N-Tube-Multipurpose/dp/B007KLYD46/ref=sr_1_4?crid=36QNR0DBY6M7J&keywords=shelves&qid=1664888524&qu=eyJxc2MiOiI4LjgyIiwicXNhIjoiOC40NCIsInFzcCI6IjcuNjgifQ%3D%3D&refresh=1&sprefix=s%2Caps%2C309&sr=8-4","29","69,834","4.5 out of 5 stars"
"Furinno Turn-N-Tube 5 Tier Corner Display Rack Multipurpose Shelving Unit, 1-Pack, Espresso/Black","https://m.media-amazon.com/images/I/61t6G1jMD+L._AC_UL320_.jpg","https://amazon.com/Furinno-99811EX-BK-Turn-N-Tube-Espresso/dp/B003VP5TPW/ref=sr_1_7?crid=36QNR0DBY6M7J&keywords=shelves&qid=1664888524&qu=eyJxc2MiOiI4LjgyIiwicXNhIjoiOC40NCIsInFzcCI6IjcuNjgifQ%3D%3D&refresh=1&sprefix=s%2Caps%2C309&sr=8-7","23","55,717","4.5 out of 5 stars"
"Furinno Pasir 3-Tier Open Shelf Bookcase, Brown","https://m.media-amazon.com/images/I/51qNBrE0EpL._AC_UL320_.jpg","https://amazon.com/Furinno-11208EX-Pasir-3-Tier-Espresso/dp/B00PC5DRPS/ref=sr_1_8?crid=36QNR0DBY6M7J&keywords=shelves&qid=1664888524&qu=eyJxc2MiOiI4LjgyIiwicXNhIjoiOC40NCIsInFzcCI6IjcuNjgifQ%3D%3D&refresh=1&sprefix=s%2Caps%2C309&sr=8-8","34","33,531","4.3 out of 5 stars"
"Greenco Corner Shelf Unit Wall Mount 5 Tier Wood Floating Shelves, Easy-to-Assemble Tiered Wall Storage, Wall Organizer for Bedrooms, Bathrooms, Kitchens, Offices, and Living Rooms, Espresso Finish","https://m.media-amazon.com/images/I/718cQsxYvQL._AC_UL320_.jpg","https://amazon.com/Greenco-Corner-Shelves-Espresso-Finish/dp/B01GIJBK50/ref=sr_1_9?crid=36QNR0DBY6M7J&keywords=shelves&qid=1664888524&qu=eyJxc2MiOiI4LjgyIiwicXNhIjoiOC40NCIsInFzcCI6IjcuNjgifQ%3D%3D&refresh=1&sprefix=s%2Caps%2C309&sr=8-9","20","55,012","4.5 out of 5 stars"
"Command Display Ledges, Slate, 2-Ledges, 8-Medium Foam Strips, Decorate Damage-Free","https://m.media-amazon.com/images/I/71UStDtkVPL._AC_UL320_.jpg","https://amazon.com/Command-Black-Floating-Ledges-HOM23S-2ES/dp/B071CKQ4FB/ref=sr_1_12?crid=36QNR0DBY6M7J&keywords=shelves&qid=1664888524&qu=eyJxc2MiOiI4LjgyIiwicXNhIjoiOC40NCIsInFzcCI6IjcuNjgifQ%3D%3D&refresh=1&sprefix=s%2Caps%2C309&sr=8-12","16","3,927","4.6 out of 5 stars"
"Furinno Turn-N-Tube 5-Tier Corner Multipurpose Display Shelves, Set of 2","https://m.media-amazon.com/images/I/71PRp-AV62L._AC_UL320_.jpg","https://amazon.com/Furinno-2-99811EX-BK-Turn-N-Tube-Multipurpose/dp/B00JV6G364/ref=sr_1_13?crid=36QNR0DBY6M7J&keywords=shelves&qid=1664888524&qu=eyJxc2MiOiI4LjgyIiwicXNhIjoiOC40NCIsInFzcCI6IjcuNjgifQ%3D%3D&refresh=1&sprefix=s%2Caps%2C309&sr=8-13","34","2,326","4.5 out of 5 stars"
"Furinno Rossi Wall Mount Floating Corner Shelf, 5-Tier Radial, French Oak Grey/Black","https://m.media-amazon.com/images/I/613Kzs3RLrL._AC_UL320_.jpg","https://amazon.com/FURINNO-FR16122GYW-BK-Floating-Radial/dp/B07HPJ1HX3/ref=sr_1_14?crid=36QNR0DBY6M7J&keywords=shelves&qid=1664888524&qu=eyJxc2MiOiI4LjgyIiwicXNhIjoiOC40NCIsInFzcCI6IjcuNjgifQ%3D%3D&refresh=1&sprefix=s%2Caps%2C309&sr=8-14","19","5,807","4.4 out of 5 stars"
"Sorbus Floating Shelf Set — Rustic Wood Hanging Rectangle Wall Shelves — Perfect for Home Décor, Trophy Display, Photo Frames, and More","https://m.media-amazon.com/images/I/81v1ZOegvlL._AC_UL320_.jpg","https://amazon.com/Sorbus-Floating-Shelf-Set-Rectangle/dp/B07PVZDLN9/ref=sr_1_15?crid=36QNR0DBY6M7J&keywords=shelves&qid=1664888524&qu=eyJxc2MiOiI4LjgyIiwicXNhIjoiOC40NCIsInFzcCI6IjcuNjgifQ%3D%3D&refresh=1&sprefix=s%2Caps%2C309&sr=8-15","","2,365","4.5 out of 5 stars"
"Melannco Floating Wall Shelves for Bedroom, Living Room, Bathroom, Kitchen, Nursery, Set of 4, Black, 4 Count","https://m.media-amazon.com/images/I/71wIEgY7SSL._AC_UL320_.jpg","https://amazon.com/Melannco-Floating-Mount-Molding-Shelves/dp/B00F2ZI2VC/ref=sr_1_16?crid=36QNR0DBY6M7J&keywords=shelves&qid=1664888524&qu=eyJxc2MiOiI4LjgyIiwicXNhIjoiOC40NCIsInFzcCI6IjcuNjgifQ%3D%3D&refresh=1&sprefix=s%2Caps%2C309&sr=8-16","24","17,356","4.2 out of 5 stars"
"Amazon Basics 6-Cube Wire Grid Storage Shelves, 14" x 14" Stackable Cubes, Black","https://m.media-amazon.com/images/I/917wmkYaf7L._AC_UL320_.jpg","https://amazon.com/gp/slredirect/picassoRedirect.html/ref=pa_sp_mtf_aps_sr_pg1_1?ie=UTF8&adId=A09590192LMVKBO3BWXAE&url=%2FAmazonBasics-Cube-Storage-Shelves-Black%2Fdp%2FB0735GRJXY%2Fref%3Dsr_1_17_sspa%3Fcrid%3D36QNR0DBY6M7J%26keywords%3Dshelves%26qid%3D1664888524%26qu%3DeyJxc2MiOiI4LjgyIiwicXNhIjoiOC40NCIsInFzcCI6IjcuNjgifQ%253D%253D%26refresh%3D1%26sprefix%3Ds%252Caps%252C309%26sr%3D8-17-spons%26psc%3D1&qualifier=1664888524&id=986683950973569&widgetName=sp_mtf","44","23,395","4.4 out of 5 stars"
"IRIS USA Ub Shelf ' W X H Inch Space Saving Unit with Adjustable Shelves, 12" Width, Walnut Brown/White","https://m.media-amazon.com/images/I/81-64M7R3pL._AC_UL320_.jpg","https://amazon.com/gp/slredirect/picassoRedirect.html/ref=pa_sp_mtf_aps_sr_pg1_1?ie=UTF8&adId=A06956972CZSG6NVGWOB9&url=%2FIRIS-USA-UB-9030-Adjustable-Shelves%2Fdp%2FB074CTDLXV%2Fref%3Dsr_1_20_sspa%3Fcrid%3D36QNR0DBY6M7J%26keywords%3Dshelves%26qid%3D1664888524%26qu%3DeyJxc2MiOiI4LjgyIiwicXNhIjoiOC40NCIsInFzcCI6IjcuNjgifQ%253D%253D%26refresh%3D1%26sprefix%3Ds%252Caps%252C309%26sr%3D8-20-spons%26psc%3D1&qualifier=1664888524&id=986683950973569&widgetName=sp_mtf","34","3,856","4.5 out of 5 stars"
"Sorbus Floating Shelf Set - Rustic Wood Coastal Beach Style Hanging Rectangle Wall Shelves for Home Décor, Trophy Display, Photo Frames, etc.(White, 3 Pack)","https://m.media-amazon.com/images/I/71ywGhEU0iL._AC_UL320_.jpg","https://amazon.com/Sorbus-Floating-Shelf-Set-Rectangle/dp/B08DRPFBD2/ref=sr_1_21?crid=36QNR0DBY6M7J&keywords=shelves&qid=1664888524&qu=eyJxc2MiOiI4LjgyIiwicXNhIjoiOC40NCIsInFzcCI6IjcuNjgifQ%3D%3D&refresh=1&sprefix=s%2Caps%2C309&sr=8-21","","2,892","4.5 out of 5 stars"
"HOBBYMATE Floating Shelf, Rustic Wall Mount Shelf Book, Photo & Plant Display Shelf Invisible Installation Bracket, Versatile Iron Rail (Pack of 1)","https://m.media-amazon.com/images/I/613U23IpDxL._AC_UL320_.jpg","https://amazon.com/HOBBYMATE-Floating-Invisible-Installation-Versatile/dp/B09PV3BT12/ref=sr_1_22?crid=36QNR0DBY6M7J&keywords=shelves&qid=1664888524&qu=eyJxc2MiOiI4LjgyIiwicXNhIjoiOC40NCIsInFzcCI6IjcuNjgifQ%3D%3D&refresh=1&sprefix=s%2Caps%2C309&sr=8-22","","64","4.4 out of 5 stars"
"Sorbus Floating Shelf Large 24 x 9 - Hanging Wall Shelves Decoration — Perfect Trophy Display, Photo Frames — Extra Long 24 Inch (Black)","https://m.media-amazon.com/images/I/81N3ELb2qFL._AC_UL320_.jpg","https://amazon.com/Sorbus-Floating-Shelves-Hanging-Decoration/dp/B077DP2MSX/ref=sr_1_23?crid=36QNR0DBY6M7J&keywords=shelves&qid=1664888524&qu=eyJxc2MiOiI4LjgyIiwicXNhIjoiOC40NCIsInFzcCI6IjcuNjgifQ%3D%3D&refresh=1&sprefix=s%2Caps%2C309&sr=8-23","","6,023","4.5 out of 5 stars"
"Amazon Basics 6-Cube Wire Grid Storage Shelves, 14" x 14" Stackable Cubes, Black","https://m.media-amazon.com/images/I/917wmkYaf7L._AC_UL320_.jpg","https://amazon.com/AmazonBasics-Cube-Storage-Shelves-Black/dp/B0735GRJXY/ref=sr_1_24?crid=36QNR0DBY6M7J&keywords=shelves&qid=1664888524&qu=eyJxc2MiOiI4LjgyIiwicXNhIjoiOC40NCIsInFzcCI6IjcuNjgifQ%3D%3D&refresh=1&sprefix=s%2Caps%2C309&sr=8-24","44","23,395","4.4 out of 5 stars"
"Americanflat 14 Inch Floating Shelves Set of 3 in White Composite Wood - Wall Mounted Storage Shelves for Bedroom, Living Room, Bathroom, Kitchen, Office and More","https://m.media-amazon.com/images/I/51KI+CyD9oL._AC_UL320_.jpg","https://amazon.com/Americanflat-Three-Inch-Floating-Shelves/dp/B01H2BQJJU/ref=sr_1_25?crid=36QNR0DBY6M7J&keywords=shelves&qid=1664888524&qu=eyJxc2MiOiI4LjgyIiwicXNhIjoiOC40NCIsInFzcCI6IjcuNjgifQ%3D%3D&refresh=1&sprefix=s%2Caps%2C309&sr=8-25","22","3,199","4.4 out of 5 stars"
"Fox Valley Traders Sliding Shelves, One Size Fits All, White","https://m.media-amazon.com/images/I/612aGqEJj6L._AC_UL320_.jpg","https://amazon.com/Kimball-Portable-2-Tier-Sliding-Shelves/dp/B01MTKNKYD/ref=sr_1_26?crid=36QNR0DBY6M7J&keywords=shelves&qid=1664888524&qu=eyJxc2MiOiI4LjgyIiwicXNhIjoiOC40NCIsInFzcCI6IjcuNjgifQ%3D%3D&refresh=1&sprefix=s%2Caps%2C309&sr=8-26","28","542","4.2 out of 5 stars"
"Whitmor Closet Shelves, White","https://m.media-amazon.com/images/I/81rDRD03VuL._AC_UL320_.jpg","https://amazon.com/Whitmor-5047-9979-Closet-Shelves-White/dp/B08KWGXW8N/ref=sr_1_27?crid=36QNR0DBY6M7J&keywords=shelves&qid=1664888524&qu=eyJxc2MiOiI4LjgyIiwicXNhIjoiOC40NCIsInFzcCI6IjcuNjgifQ%3D%3D&refresh=1&sprefix=s%2Caps%2C309&sr=8-27","","13","4.6 out of 5 stars"
"FURINNO Turn-N-Tube 5-Tier Corner Square Rack Display Shelf, Round, French Oak Grey/Black","https://m.media-amazon.com/images/I/61qE7gHQngL._AC_UL320_.jpg","https://amazon.com/Furinno-Turn-N-Tube-5-Tier-Corner-Display/dp/B01MSQHP5V/ref=sr_1_28?crid=36QNR0DBY6M7J&keywords=shelves&qid=1664888524&qu=eyJxc2MiOiI4LjgyIiwicXNhIjoiOC40NCIsInFzcCI6IjcuNjgifQ%3D%3D&refresh=1&sprefix=s%2Caps%2C309&sr=8-28","34","10,505","4.5 out of 5 stars"
"FURINNO Turn-N-Tube 2 Space Shelf, Walnut/Brown","https://m.media-amazon.com/images/I/71eiRec4OaL._AC_UL320_.jpg","https://amazon.com/Furinno-16101WN-BR-Turn-N-Tube-Walnut/dp/B077TV4788/ref=sr_1_29?crid=36QNR0DBY6M7J&keywords=shelves&qid=1664888524&qu=eyJxc2MiOiI4LjgyIiwicXNhIjoiOC40NCIsInFzcCI6IjcuNjgifQ%3D%3D&refresh=1&sprefix=s%2Caps%2C309&sr=8-29","19","2,664","4.5 out of 5 stars"
"Keter Resin 5-Tier Freestanding Multipurpose Shelf Display Rack for Basement, Kitchen, and Garage Storage Shelving and Organization, 24", Black","https://m.media-amazon.com/images/I/81-M6F5xaXL._AC_UL320_.jpg","https://amazon.com/Keter-Resin-5-Tier-Freestanding-Multipurpose/dp/B00KQFQFIU/ref=sr_1_30?crid=36QNR0DBY6M7J&keywords=shelves&qid=1664888524&qu=eyJxc2MiOiI4LjgyIiwicXNhIjoiOC40NCIsInFzcCI6IjcuNjgifQ%3D%3D&refresh=1&sprefix=s%2Caps%2C309&sr=8-30","12","6","3.8 out of 5 stars"
"Melannco Floating Wall Square Cube Shelves for Bedroom, Living Room, Bathroom, Kitchen - Wood, Set of 3, Espresso","https://m.media-amazon.com/images/I/61GP4Soi52L._AC_UL320_.jpg","https://amazon.com/MELANNCO-Floating-Square-Shelves-Espresso/dp/B001SOUY1C/ref=sr_1_31?crid=36QNR0DBY6M7J&keywords=shelves&qid=1664888524&qu=eyJxc2MiOiI4LjgyIiwicXNhIjoiOC40NCIsInFzcCI6IjcuNjgifQ%3D%3D&refresh=1&sprefix=s%2Caps%2C309&sr=8-31","13","7,462","4.5 out of 5 stars"
"Sorbus Floating Shelf Set — Rustic Wood Hanging Rectangle Wall Shelves — Perfect for Home Décor, Trophy Display, Photo Frames, and More","https://m.media-amazon.com/images/I/714i0eSsx1L._AC_UL320_.jpg","https://amazon.com/Sorbus-Floating-Shelf-Set-Rectangle/dp/B09P46SSZT/ref=sr_1_32?crid=36QNR0DBY6M7J&keywords=shelves&qid=1664888524&qu=eyJxc2MiOiI4LjgyIiwicXNhIjoiOC40NCIsInFzcCI6IjcuNjgifQ%3D%3D&refresh=1&sprefix=s%2Caps%2C309&sr=8-32","","4,791","4.6 out of 5 stars"
"Furinno 12078EX/BK Turn-n-Tube Multipurpose 4-Tier Corner Shelf, Espresso/Black","https://m.media-amazon.com/images/I/61Qgx1CdnFL._AC_UL320_.jpg","https://amazon.com/gp/slredirect/picassoRedirect.html/ref=pa_sp_mtf_aps_sr_pg1_1?ie=UTF8&adId=A08861242307RRK2C0IU8&url=%2FFurinno-12078EX-BK-Turn-n-Tube-Multipurpose%2Fdp%2FB00BGNI8F4%2Fref%3Dsr_1_34_sspa%3Fcrid%3D36QNR0DBY6M7J%26keywords%3Dshelves%26qid%3D1664888524%26qu%3DeyJxc2MiOiI4LjgyIiwicXNhIjoiOC40NCIsInFzcCI6IjcuNjgifQ%253D%253D%26refresh%3D1%26sprefix%3Ds%252Caps%252C309%26sr%3D8-34-spons%26psc%3D1&qualifier=1664888524&id=986683950973569&widgetName=sp_mtf","22","55,717","4.5 out of 5 stars"
"Furinno Turn-N-Tube No Tool 3-Tier Storage Shelf, Narrow, Espresso/Black","https://m.media-amazon.com/images/I/71jWNqFZdML._AC_UL320_.jpg","https://amazon.com/gp/slredirect/picassoRedirect.html/ref=pa_sp_mtf_aps_sr_pg1_1?ie=UTF8&adId=A06963152855Q4C4YGFZV&url=%2FFurinno-18061GYW-BK-Turn-N-Tube-Espresso%2Fdp%2FB07L6ZFBGW%2Fref%3Dsr_1_36_sspa%3Fcrid%3D36QNR0DBY6M7J%26keywords%3Dshelves%26qid%3D1664888524%26qu%3DeyJxc2MiOiI4LjgyIiwicXNhIjoiOC40NCIsInFzcCI6IjcuNjgifQ%253D%253D%26refresh%3D1%26sprefix%3Ds%252Caps%252C309%26sr%3D8-36-spons%26psc%3D1&qualifier=1664888524&id=986683950973569&widgetName=sp_mtf","27","1,283","4.5 out of 5 stars"
"Whitmor Stackable 31" Extra Wide 2-Shelf Storage Organizer, White","https://m.media-amazon.com/images/I/61eiA0X5FcL._AC_UL320_.jpg","https://amazon.com/Whitmor-Stackable-2-Shelf-Storage-Organizer/dp/B07227Q695/ref=sr_1_38?crid=36QNR0DBY6M7J&keywords=shelves&qid=1664888524&qu=eyJxc2MiOiI4LjgyIiwicXNhIjoiOC40NCIsInFzcCI6IjcuNjgifQ%3D%3D&refresh=1&sprefix=s%2Caps%2C309&sr=8-38","27","1,821","4.6 out of 5 stars"
"Amazon Basics Closet Storage Organizer with Fabric Bins and Shelves, 32.7" x 12.2" x 31", Gray","https://m.media-amazon.com/images/I/81tsdF2j76L._AC_UL320_.jpg","https://amazon.com/AmazonBasics-Closet-Storage-Organizer-Bins/dp/B073PJ9LB6/ref=sr_1_41?crid=36QNR0DBY6M7J&keywords=shelves&qid=1664888524&qu=eyJxc2MiOiI4LjgyIiwicXNhIjoiOC40NCIsInFzcCI6IjcuNjgifQ%3D%3D&refresh=1&sprefix=s%2Caps%2C309&sr=8-41","25","12,196","4.6 out of 5 stars"
"Admired By Nature Wall Shelf, Brown Wooden Round Small","https://m.media-amazon.com/images/I/81AvJ+w7-wL._AC_UL320_.jpg","https://amazon.com/Admired-Nature-Wall-Mounted-Floating-ABN5E094S-BLK/dp/B085JWXWDY/ref=sr_1_42?crid=36QNR0DBY6M7J&keywords=shelves&qid=1664888524&qu=eyJxc2MiOiI4LjgyIiwicXNhIjoiOC40NCIsInFzcCI6IjcuNjgifQ%3D%3D&refresh=1&sprefix=s%2Caps%2C309&sr=8-42","42","482","4.3 out of 5 stars"
"ClosetMaid Wire Shelf Kit with Hardware, 3 Ft. Wide, for Pantry, Closet, Laundry, Utility Storage, White Vinyl Finish","https://m.media-amazon.com/images/I/61LXFSM02ZL._AC_UL320_.jpg","https://amazon.com/ClosetMaid-Hardware-Laundry-Utility-Storage/dp/B0000DH4LH/ref=sr_1_43?crid=36QNR0DBY6M7J&keywords=shelves&qid=1664888524&qu=eyJxc2MiOiI4LjgyIiwicXNhIjoiOC40NCIsInFzcCI6IjcuNjgifQ%3D%3D&refresh=1&sprefix=s%2Caps%2C309&sr=8-43","19","1,329","4.5 out of 5 stars"
"Atlantic Drawbridge Media Storage Cabinet - Organize optical media, up to 240 CD, or 108 DVD, or 132 BD/Video Games, Adjustable Shelves, PN 37935726 in Black","https://m.media-amazon.com/images/I/81RpHrdnT0L._AC_UL320_.jpg","https://amazon.com/Atlantic-DrawBridge-Storage-Organization-Cabinet/dp/B0058O8F7I/ref=sr_1_44?crid=36QNR0DBY6M7J&keywords=shelves&qid=1664888524&qu=eyJxc2MiOiI4LjgyIiwicXNhIjoiOC40NCIsInFzcCI6IjcuNjgifQ%3D%3D&refresh=1&sprefix=s%2Caps%2C309&sr=8-44","38","11,393","4.2 out of 5 stars"
"Greenco Set of 3 Floating “U” Shelves, Easy-to-Assemble Floating Wall Mount Shelves for Bedrooms and Living Rooms, Rustic Finish","https://m.media-amazon.com/images/I/716gvtGyBnL._AC_UL320_.jpg","https://amazon.com/Greenco-Rustic-Shelves-Display-Floating/dp/B07N31D721/ref=sr_1_45?crid=36QNR0DBY6M7J&keywords=shelves&qid=1664888524&qu=eyJxc2MiOiI4LjgyIiwicXNhIjoiOC40NCIsInFzcCI6IjcuNjgifQ%3D%3D&refresh=1&sprefix=s%2Caps%2C309&sr=8-45","14","16,559","4.5 out of 5 stars"
"Rubbermaid Linen Closet Shelf Kit, 3-Feet, White, Wire Shelving System for Laundry Rooms, Linen Closets or Basements","https://m.media-amazon.com/images/I/61X5zsRSs+L._AC_UL320_.jpg","https://amazon.com/Rubbermaid-Shelving-Laundry-Closets-Basements/dp/B000J0ILZC/ref=sr_1_47?crid=36QNR0DBY6M7J&keywords=shelves&qid=1664888524&qu=eyJxc2MiOiI4LjgyIiwicXNhIjoiOC40NCIsInFzcCI6IjcuNjgifQ%3D%3D&refresh=1&sprefix=s%2Caps%2C309&sr=8-47","13","3,063","4.4 out of 5 stars"
"InPlace Shelving 0191828 Floating Wall Mountable Shelf with Invisible Brackets, White, 23.3-Inch Wide by 10.2-Inch Deep by 2-Inch High","https://m.media-amazon.com/images/I/41j6qv4+rzL._AC_UL320_.jpg","https://amazon.com/0191828-Mountable-Invisible-23-3-Inch-10-2-Inch/dp/B00I60COVO/ref=sr_1_48?crid=36QNR0DBY6M7J&keywords=shelves&qid=1664888524&qu=eyJxc2MiOiI4LjgyIiwicXNhIjoiOC40NCIsInFzcCI6IjcuNjgifQ%3D%3D&refresh=1&sprefix=s%2Caps%2C309&sr=8-48","20","8,240","4.5 out of 5 stars"
"Lewis Hyman 9602038E Floating Corner Shelf with Invisible Brackets, 18”, Black","https://m.media-amazon.com/images/I/615KTL74yBL._AC_UL320_.jpg","https://amazon.com/Lewis-Hyman-9602038E-Floating-Invisible/dp/B07H8YXZKX/ref=sr_1_49?crid=36QNR0DBY6M7J&keywords=shelves&qid=1664888524&qu=eyJxc2MiOiI4LjgyIiwicXNhIjoiOC40NCIsInFzcCI6IjcuNjgifQ%3D%3D&refresh=1&sprefix=s%2Caps%2C309&sr=8-49","26","22","4.7 out of 5 stars"
"Whitmor 4 Tier Shelf Tower - Closet Storage Organizer","https://m.media-amazon.com/images/I/71epa4JZoFL._AC_UL320_.jpg","https://amazon.com/Whitmor-Tier-Shelf-Tower-Organizer/dp/B009KB7W74/ref=sr_1_50?crid=36QNR0DBY6M7J&keywords=shelves&qid=1664888524&qu=eyJxc2MiOiI4LjgyIiwicXNhIjoiOC40NCIsInFzcCI6IjcuNjgifQ%3D%3D&refresh=1&sprefix=s%2Caps%2C309&sr=8-50","14","1,583","4.5 out of 5 stars"
"kieragrace - FN00291-4INT Modern Floating-Shelves, 24-Inch, Black","https://m.media-amazon.com/images/I/51ZDoDfhAdL._AC_UL320_.jpg","https://amazon.com/kieragrace-FN00291-4INT-Modern-Floating-Shelves-24-Inch/dp/B00OZJ8YMS/ref=sr_1_51?crid=36QNR0DBY6M7J&keywords=shelves&qid=1664888524&qu=eyJxc2MiOiI4LjgyIiwicXNhIjoiOC40NCIsInFzcCI6IjcuNjgifQ%3D%3D&refresh=1&sprefix=s%2Caps%2C309&sr=8-51","19","570","4.2 out of 5 stars"
"Greenco White Floating Cube Intersecting Mounted Wall Decor Square Shelves for Bedrooms, Living Rooms & More, 25.5 Inch","https://m.media-amazon.com/images/I/71chU3AbyfL._AC_UL320_.jpg","https://amazon.com/Greenco-Decorative-Intersecting-Floating-Shelves/dp/B076H71SPQ/ref=sr_1_52?crid=36QNR0DBY6M7J&keywords=shelves&qid=1664888524&qu=eyJxc2MiOiI4LjgyIiwicXNhIjoiOC40NCIsInFzcCI6IjcuNjgifQ%3D%3D&refresh=1&sprefix=s%2Caps%2C309&sr=8-52","26","16,254","4.5 out of 5 stars"
"Umbra Solis Decorative Metal Floating Wall Shelf, Stone","https://m.media-amazon.com/images/I/71SxNTdIRIL._AC_UL320_.jpg","https://amazon.com/Umbra-Sturdy-Decorative-Floating-Bookshelf/dp/B09PZK7CC8/ref=sr_1_53?crid=36QNR0DBY6M7J&keywords=shelves&qid=1664888524&qu=eyJxc2MiOiI4LjgyIiwicXNhIjoiOC40NCIsInFzcCI6IjcuNjgifQ%3D%3D&refresh=1&sprefix=s%2Caps%2C309&sr=8-53","15","5","4.9 out of 5 stars"
"Umbra Perch Shelves, Set of 2, Brass","https://m.media-amazon.com/images/I/71BU5Ifw1+S._AC_UL320_.jpg","https://amazon.com/Umbra-Perch-Decorative-Shelves-Brass/dp/B096TSFS2Z/ref=sr_1_54?crid=36QNR0DBY6M7J&keywords=shelves&qid=1664888524&qu=eyJxc2MiOiI4LjgyIiwicXNhIjoiOC40NCIsInFzcCI6IjcuNjgifQ%3D%3D&refresh=1&sprefix=s%2Caps%2C309&sr=8-54","40","32","4.1 out of 5 stars"
"Mind Reader Torched Wood Set of 2 Floating Spice Shelves, Rustic Farmhouse Pantry Organizer, 2 Ct, Brown","https://m.media-amazon.com/images/I/81sZgliBfsS._AC_UL320_.jpg","https://amazon.com/Mind-Reader-Floating-Farmhouse-Organizer/dp/B097SV93LQ/ref=sr_1_55?crid=36QNR0DBY6M7J&keywords=shelves&qid=1664888524&qu=eyJxc2MiOiI4LjgyIiwicXNhIjoiOC40NCIsInFzcCI6IjcuNjgifQ%3D%3D&refresh=1&sprefix=s%2Caps%2C309&sr=8-55","15","$63.52 delivery"
"IRIS USA UB Space Saving Unit with Adjustable Shelves, 12" Width, Walnut Brown/White","https://m.media-amazon.com/images/I/81W8U7VZ6SL._AC_UL320_.jpg","https://amazon.com/IRIS-USA-UB-6030-Saving-Adjustable/dp/B074CTC3L7/ref=sr_1_56?crid=36QNR0DBY6M7J&keywords=shelves&qid=1664888524&qu=eyJxc2MiOiI4LjgyIiwicXNhIjoiOC40NCIsInFzcCI6IjcuNjgifQ%3D%3D&refresh=1&sprefix=s%2Caps%2C309&sr=8-56","28","3,856","4.5 out of 5 stars"
"InPlace Shelving 9084678 35.4 in W x 4.5 in D x 3.5 in H Floating Shelf with Picture Ledge, White","https://m.media-amazon.com/images/I/71zABEGNf1L._AC_UL320_.jpg","https://amazon.com/Shelving-9084678-Floating-35-4-Inch-4-5-Inch/dp/B00NOO4H30/ref=sr_1_57?crid=36QNR0DBY6M7J&keywords=shelves&qid=1664888524&qu=eyJxc2MiOiI4LjgyIiwicXNhIjoiOC40NCIsInFzcCI6IjcuNjgifQ%3D%3D&refresh=1&sprefix=s%2Caps%2C309&sr=8-57","25","861","4.7 out of 5 stars"
"Furinno Pasir 3-Tier No Tool Assembly Open Shelf Bookcase, Blackwood","https://m.media-amazon.com/images/I/51LVECQtPUL._AC_UL320_.jpg","https://amazon.com/gp/slredirect/picassoRedirect.html/ref=pa_sp_btf_aps_sr_pg1_1?ie=UTF8&adId=A0678072U873HYZ1AOCE&url=%2FFurinno-3-Tier-Assembly-Bookcase-Blackwood%2Fdp%2FB09VNS2GGC%2Fref%3Dsr_1_59_sspa%3Fcrid%3D36QNR0DBY6M7J%26keywords%3Dshelves%26qid%3D1664888524%26qu%3DeyJxc2MiOiI4LjgyIiwicXNhIjoiOC40NCIsInFzcCI6IjcuNjgifQ%253D%253D%26refresh%3D1%26sprefix%3Ds%252Caps%252C309%26sr%3D8-59-spons%26psc%3D1&qualifier=1664888524&id=986683950973569&widgetName=sp_btf","31","60,260","4.3 out of 5 stars"